{"cameraMode":{"drawMode":0,"name":"Shaded","section":"Shading Mode"},"sceneLighting":true,"audioPlay":false,"sceneViewState":{"showFog":true,"showMaterialUpdate":false,"showSkybox":true,"showFlares":true,"showImageEffects":true,"showParticleSystems":true,"showVisualEffectGraphs":true,"m_FxEnabled":true},"in2DMode":false,"pivot":{"x":-1.077993392944336,"y":-8.624714851379395,"z":-15.161096572875977},"rotation":{"x":0.0029597007669508459,"y":-0.9766167402267456,"z":0.21460847556591035,"w":0.013469110243022442},"size":17.311161041259767,"orthographic":false}